{
  "logistic_regression": {
    "accuracy": 0.9793351302785265,
    "f1_score": 0.9220338983050848,
    "macro_f1": 0.9550614856621229,
    "roc_auc": 0.9951339412938158,
    "confusion_matrix": [
      [
        954,
        14
      ],
      [
        9,
        136
      ]
    ]
  },
  "lightgbm": {
    "accuracy": 0.977538185085355,
    "f1_score": 0.9122807017543859,
    "macro_f1": 0.9497003714851271,
    "roc_auc": 0.9870048446850954,
    "confusion_matrix": [
      [
        958,
        10
      ],
      [
        15,
        130
      ]
    ]
  }
}